IP address,Country,State,City,Location
184.171.165.2,USA,Arizona,Phoenix,LOC1 S1
209.188.18.130,USA,Arizona,Phoenix,LOC1 S2
184.95.46.2,USA,Arizona,Phoenix,LOC1 S3
184.95.45.130,USA,Arizona,Phoenix,LOC1 S4
66.85.132.250,USA,Arizona,Phoenix,LOC1 S5
66.85.132.210,USA,Arizona,Phoenix,LOC1 S6
66.85.132.218,USA,Arizona,Phoenix,LOC1 S7
66.85.132.234,USA,Arizona,Phoenix,LOC1 S8
108.62.115.202,USA,Arizona,Phoenix,LOC2 S1
23.19.41.10,USA,Arizona,Phoenix,LOC2 S2
23.19.43.98,USA,Arizona,Phoenix,LOC2 S3
23.19.43.106,USA,Arizona,Phoenix,LOC2 S4
204.152.200.226,USA,California,Los Angeles,LOC1 S1
173.254.219.130,USA,California,Los Angeles,LOC1 S10
173.254.230.2,USA,California,Los Angeles,LOC1 S11
173.254.245.2,USA,California,Los Angeles,LOC1 S12
72.11.154.2,USA,California,Los Angeles,LOC1 S13
66.63.176.130,USA,California,Los Angeles,LOC1 S14
72.11.154.130,USA,California,Los Angeles,LOC1 S15
67.215.243.2,USA,California,Los Angeles,LOC1 S16
67.215.246.26,USA,California,Los Angeles,LOC1 S17
96.44.130.242,USA,California,Los Angeles,LOC1 S18
67.215.247.138,USA,California,Los Angeles,LOC1 S2
66.63.162.2,USA,California,Los Angeles,LOC1 S3
72.11.140.130,USA,California,Los Angeles,LOC1 S4
96.44.161.130,USA,California,Los Angeles,LOC1 S5
173.254.206.2,USA,California,Los Angeles,LOC1 S6
173.254.206.130,USA,California,Los Angeles,LOC1 S7
173.254.207.2,USA,California,Los Angeles,LOC1 S8
173.254.219.2,USA,California,Los Angeles,LOC1 S9
198.203.29.130,USA,California,Los Angeles,LOC2 S1
198.203.29.2,USA,California,Los Angeles,LOC2 S2
72.8.134.120,USA,California,Orange County,LOC1 S1
72.8.129.154,USA,California,Orange County,LOC1 S2
74.115.209.4,USA,California,San Diego,LOC1 S1
74.115.210.4,USA,California,San Diego,LOC1 S2
199.58.165.20,USA,California,San Diego,LOC1 S3
199.101.94.2,USA,California,San Francisco,LOC1 S5
204.45.156.146,USA,Colorado,Denver,LOC1 S1
76.73.47.66,USA,Colorado,Denver,LOC1 S2
76.73.47.74,USA,Colorado,Denver,LOC1 S3
208.76.55.2,USA,Florida,Miami,LOC1 S1
208.76.55.3,USA,Florida,Miami,LOC1 S2
208.76.55.4,USA,Florida,Miami,LOC1 S3
208.76.55.5,USA,Florida,Miami,LOC1 S4
208.76.55.6,USA,Florida,Miami,LOC1 S5
208.76.55.7,USA,Florida,Miami,LOC1 S6
208.76.55.8,USA,Florida,Miami,LOC1 S7
173.208.89.26,USA,Georgia,Atlanta,LOC1 S1
174.34.162.146,USA,Georgia,Atlanta,LOC1 S2
173.234.9.210,USA,Georgia,Atlanta,LOC1 S3
64.120.53.242,USA,Georgia,Atlanta,LOC1 S4
173.234.140.50,USA,Georgia,Atlanta,LOC1 S5
208.53.158.105,USA,Illinois,Chicago,LOC1 S3
208.53.158.106,USA,Illinois,Chicago,LOC1 S4
208.53.158.107,USA,Illinois,Chicago,LOC1 S5
184.154.4.2,USA,Illinois,Chicago,LOC2 S1
184.154.128.234,USA,Illinois,Chicago,LOC2 S2
208.100.63.150,USA,Illinois,Chicago,LOC3 S1
208.100.63.151,USA,Illinois,Chicago,LOC3 S2
208.100.63.152,USA,Illinois,Chicago,LOC3 S3
199.192.204.146,USA,Illinois,Chicago,LOC4 S1
199.192.204.138,USA,Illinois,Chicago,LOC4 S2
199.192.204.106,USA,Illinois,Chicago,LOC4 S3
199.192.206.42,USA,Illinois,Chicago,LOC4 S4
199.192.206.10,USA,Illinois,Chicago,LOC4 S5
199.192.206.2,USA,Illinois,Chicago,LOC4 S6
198.134.105.2,USA,Indiana,South Bend,LOC1 S1
198.134.105.130,USA,Indiana,South Bend,LOC1 S2
198.134.106.2,USA,Indiana,South Bend,LOC1 S3
198.134.106.130,USA,Indiana,South Bend,LOC1 S4
198.134.107.2,USA,Indiana,South Bend,LOC1 S5
63.141.239.18,USA,Missouri,Kansas City,LOC1 S1
173.208.196.2,USA,Missouri,Kansas City,LOC1 S2
173.208.197.2,USA,Missouri,Kansas City,LOC1 S3
63.141.237.130,USA,Missouri,Kansas City,LOC1 S4
63.141.237.2,USA,Missouri,Kansas City,LOC1 S5
63.141.230.2,USA,Missouri,Kansas City,LOC1 S6
76.164.237.82,USA,Nevada,Las Vegas,LOC1 S1
72.46.130.34,USA,Nevada,Las Vegas,LOC1 S2
72.46.129.194,USA,Nevada,Las Vegas,LOC1 S3
69.72.252.122,USA,New Jersey,Clifton,LOC1 S1
65.98.97.170,USA,New Jersey,Clifton,LOC1 S2
65.98.17.98,USA,New Jersey,Clifton,LOC1 S3
65.98.62.154,USA,New Jersey,Clifton,LOC1 S4
65.98.56.202,USA,New Jersey,Clifton,LOC1 S5
65.98.56.210,USA,New Jersey,Clifton,LOC1 S6
216.155.152.132,USA,New Jersey,Newark,LOC1 S1
208.167.239.132,USA,New Jersey,Newark,LOC1 S2
208.167.231.132,USA,New Jersey,Newark,LOC1 S3
173.199.127.3,USA,New Jersey,Newark,LOC1 S4
173.199.122.3,USA,New Jersey,Newark,LOC1 S5
67.231.254.2,USA,New York,Albany,LOC1 S1
173.233.78.194,USA,New York,Albany,LOC1 S2
174.34.168.74,USA,New York,Manhattan,LOC1 S1
108.62.139.122,USA,New York,Manhattan,LOC1 S10
108.62.138.242,USA,New York,Manhattan,LOC1 S11
173.208.45.194,USA,New York,Manhattan,LOC1 S12
173.208.45.170,USA,New York,Manhattan,LOC1 S13
64.120.28.26,USA,New York,Manhattan,LOC1 S2
173.234.233.226,USA,New York,Manhattan,LOC1 S3
173.208.45.130,USA,New York,Manhattan,LOC1 S4
173.234.157.210,USA,New York,Manhattan,LOC1 S5
173.234.157.218,USA,New York,Manhattan,LOC1 S6
64.120.46.242,USA,New York,Manhattan,LOC1 S7
173.234.157.186,USA,New York,Manhattan,LOC1 S8
64.120.28.98,USA,New York,Manhattan,LOC1 S9
67.23.177.5,USA,North Carolina,Asheville,LOC1 S1
67.23.168.130,USA,North Carolina,Asheville,LOC1 S2
67.23.168.2,USA,North Carolina,Asheville,LOC1 S3
216.59.27.2,USA,North Carolina,Asheville,LOC1 S4
199.114.222.2,USA,Ohio,Columbus,LOC1 S1
199.114.222.3,USA,Ohio,Columbus,LOC1 S2
199.114.222.4,USA,Ohio,Columbus,LOC1 S3
199.114.222.5,USA,Ohio,Columbus,LOC1 S4
199.114.222.6,USA,Ohio,Columbus,LOC1 S5
173.214.182.71,USA,Oklahoma,Oklahoma City,LOC1 S1
173.214.182.172,USA,Oklahoma,Oklahoma City,LOC1 S2
173.214.182.173,USA,Oklahoma,Oklahoma City,LOC1 S3
173.214.182.174,USA,Oklahoma,Oklahoma City,LOC1 S4
173.214.182.175,USA,Oklahoma,Oklahoma City,LOC1 S5
174.140.161.2,USA,Oregon,Portland,LOC1 S1
69.163.36.178,USA,Oregon,Portland,LOC1 S2
173.242.116.200,USA,Pennsylvania,Scranton,LOC1 S1
184.82.148.114,USA,Pennsylvania,Scranton,LOC2 S1
184.82.167.66,USA,Pennsylvania,Scranton,LOC2 S2
192.204.197.2,USA,California,San Francisco,LOC1 S1
192.204.197.130,USA,California,San Francisco,LOC1 S2
192.204.198.130,USA,California,San Francisco,LOC1 S3
199.47.195.130,USA,California,San Francisco,LOC1 S4
216.245.222.2,USA,Texas,Dallas,LOC1 S1
74.63.242.130,USA,Texas,Dallas,LOC1 S2
64.31.35.2,USA,Texas,Dallas,LOC1 S3
64.31.33.2,USA,Texas,Dallas,LOC1 S4
64.31.34.2,USA,Texas,Dallas,LOC1 S5
174.36.55.87,USA,Texas,Dallas,LOC2 S1
174.34.178.146,USA,Texas,Dallas,LOC3 S1
174.34.178.154,USA,Texas,Dallas,LOC3 S2
64.120.76.106,USA,Texas,Dallas,LOC3 S3
173.208.123.154,USA,Texas,Dallas,LOC3 S4
66.187.64.2,USA,Texas,Houston,LOC1 S1
66.187.66.130,USA,Texas,Houston,LOC1 S2
66.187.66.2,USA,Texas,Houston,LOC1 S3
66.187.68.130,USA,Texas,Houston,LOC1 S4
66.187.67.130,USA,Texas,Houston,LOC1 S5
66.187.68.2,USA,Texas,Houston,LOC1 S6
192.184.0.2,USA,Utah,Salt Lake City,LOC1 S1
192.184.0.130,USA,Utah,Salt Lake City,LOC1 S2
192.184.1.2,USA,Utah,Salt Lake City,LOC1 S3
192.184.1.130,USA,Utah,Salt Lake City,LOC1 S4
192.184.2.2,USA,Utah,Salt Lake City,LOC1 S5
74.115.212.2,USA,Virginia,Ashburn,LOC1 S1
74.115.214.194,USA,Virginia,Ashburn,LOC1 S2
199.58.160.154,USA,Virginia,Ashburn,LOC1 S3
199.58.160.155,USA,Virginia,Ashburn,LOC1 S4
199.58.160.156,USA,Virginia,Ashburn,LOC1 S5
173.192.223.69,USA,,Washington DC,LOC1 S1
208.43.175.43,USA,Washington,Seattle,LOC1 S1
216.6.228.42,USA,Washington,Seattle,LOC1 S2
173.208.32.66,USA,Washington,Seattle,LOC1 S3
173.208.32.74,USA,Washington,Seattle,LOC1 S4
173.208.32.98,USA,Washington,Seattle,LOC1 S5
70.32.34.90,USA,Washington,Seattle,LOC1 S6
108.62.62.18,USA,Washington,Seattle,LOC1 S7
173.208.33.66,USA,Washington,Seattle,LOC1 S8
38.121.77.66,Canada,Ontario,Toronto,LOC1 S1
38.121.77.74,Canada,Ontario,Toronto,LOC1 S2
38.121.77.70,Canada,Ontario,Toronto,LOC1 S3
38.121.77.78,Canada,Ontario,Toronto,LOC1 S4
38.121.77.82,Canada,Ontario,Toronto,LOC1 S5
184.75.210.162,Canada,Ontario,Toronto,LOC1 S6
184.75.210.130,Canada,Ontario,Toronto,LOC1 S7
38.113.189.122,Canada,Ontario,Toronto,LOC1 S8
174.142.90.23,Canada,Quebec,Montreal,LOC1 S1
72.55.153.237,Canada,Quebec,Montreal,LOC1 S2
209.172.61.44,Canada,Quebec,Montreal,LOC1 S3
209.172.61.42,Canada,Quebec,Montreal,LOC1 S4
70.38.37.10,Canada,Quebec,Montreal,LOC1 S5
67.205.85.182,Canada,Quebec,Montreal,LOC1 S6
72.55.153.75,Canada,Quebec,Montreal,LOC1 S7
67.205.103.52,Canada,Quebec,Montreal,LOC1 S8
67.212.83.87,Canada,Quebec,Montreal,LOC2 S1
95.154.230.4,UK,Berkshire,Maidenhead,LOC1 S1
95.154.230.133,UK,Berkshire,Maidenhead,LOC1 S2
95.154.230.2,UK,Berkshire,Maidenhead,LOC1 S3
78.129.173.130,UK,Berkshire,Maidenhead,LOC1 S4
109.169.1.130,UK,Berkshire,Maidenhead,LOC1 S5
87.117.238.66,UK,Berkshire,Maidenhead,LOC1 S8
109.73.65.2,UK,Hampshire,Gosport,LOC1 S1
109.73.65.130,UK,Hampshire,Gosport,LOC1 S2
109.73.66.2,UK,Hampshire,Gosport,LOC1 S3
109.73.66.130,UK,Hampshire,Gosport,LOC1 S4
5.152.217.234,UK,Hampshire,Gosport,LOC1 S5
37.220.29.66,UK,Hampshire,Gosport,LOC1 S6
37.220.24.82,UK,Hampshire,Gosport,LOC1 S7
5.152.219.66,UK,Hampshire,Gosport,LOC1 S8
5.152.217.154,UK,Hampshire,Gosport,LOC1 S9
91.238.214.4,UK,Kent,Maidstone,LOC1 S1
91.238.214.132,UK,Kent,Maidstone,LOC1 S2
91.238.215.4,UK,Kent,Maidstone,LOC1 S3
91.238.215.132,UK,Kent,Maidstone,LOC1 S4
91.227.222.129,UK,Kent,Maidstone,LOC1 S5
5.102.170.4,UK,Kent,Maidstone,LOC1 S6
5.102.170.132,UK,Kent,Maidstone,LOC1 S7
5.102.171.4,UK,Kent,Maidstone,LOC1 S8
5.102.171.132,UK,Kent,Maidstone,LOC1 S9
77.92.92.161,UK,,London,LOC1 S1
83.170.91.166,UK,,London,LOC1 S2
83.170.76.129,UK,,London,LOC1 S3
109.123.79.244,UK,,London,LOC1 S4
83.170.71.169,UK,,London,LOC1 S5
83.170.71.167,UK,,London,LOC1 S6
83.170.71.168,UK,,London,LOC1 S7
178.238.132.106,UK,,Manchester,LOC1 S1
178.238.131.130,UK,,Manchester,LOC1 S2
46.37.190.2,UK,,Manchester,LOC1 S3
195.242.152.2,Netherlands,,Amsterdam,LOC1 S1
94.100.17.2,Netherlands,,Amsterdam,LOC1 S2
94.100.28.130,Netherlands,,Amsterdam,LOC1 S3
94.102.49.80,Netherlands,,Amsterdam,LOC2 S1
80.82.65.198,Netherlands,,Amsterdam,LOC2 S2
80.82.65.105,Netherlands,,Amsterdam,LOC2 S3
89.248.174.33,Netherlands,,Amsterdam,LOC2 S4
213.5.65.4,Netherlands,,Amsterdam,LOC2 S5
213.5.70.4,Netherlands,,Amsterdam,LOC2 S6
79.142.74.4,Netherlands,,Dronten,
79.142.65.5,Netherlands,,Rotterdam,LOC1 S1
128.127.106.2,Netherlands,,Rotterdam,LOC1 S2
128.127.107.2,Netherlands,,Rotterdam,LOC1 S3
128.127.107.130,Netherlands,,Rotterdam,LOC1 S4
128.204.196.37,Netherlands,,Schiedam,
188.65.76.130,Austria,Carinthia,Klagenfurt,
86.39.152.131,Belgium,,Brussels,
176.222.33.4,Croatia,,Zagreb,
91.223.208.139,Cyprus,,Limassol,
83.167.240.130,Czech Republic,,Prague,
109.202.157.130,Denmark,,Copenhagen,
78.46.46.106,Germany,Bavaria,Nuremberg,LOC1 S1
46.4.73.107,Germany,Bavaria,Nuremberg,LOC1 S2
80.255.4.2,Germany,Bavaria,Nuremberg,LOC2 S1
80.255.4.130,Germany,Bavaria,Nuremberg,LOC2 S2
130.185.109.53,Germany,Bavaria,Nuremberg,LOC3 S1
93.186.196.14,Germany,,Dusseldorf,LOC1 S1
85.114.135.189,Germany,,Dusseldorf,LOC1 S2
62.205.43.130,Greece,,Athens,
80.79.113.114,Estonia,,Tallinn,
91.221.66.57,Finland,,Helsinki,
62.233.37.2,France,Paris,Clichy-Levallois,LOC1 S1
62.233.41.130,France,Paris,Clichy-Levallois,LOC1 S2
62.233.34.2,France,Paris,Courbevoie,LOC1 S1
62.233.41.2,France,Paris,Courbevoie,LOC1 S2
62.233.42.2,France,Paris,Saint-Denis,LOC1 S1
62.233.42.130,France,Paris,Saint-Denis,LOC1 S2
62.233.34.130,France,Paris,Saint-Denis,LOC1 S3
79.172.193.107,Hungary,,Budapest,
92.51.240.205,Ireland,,Dublin,
193.107.85.129,Iceland,,Reykjavik,
84.33.25.2,Italy,Lombardy,Milan,LOC2 S1
84.33.17.130,Italy,Lombardy,Milan,LOC2 S2
178.16.22.126,Latvia,,Riga,
5.199.171.64,Lithuania,,Siauliai,
212.117.186.58,Luxembourg,,,LOC1 S1
94.242.211.10,Luxembourg,,,LOC1 S2
94.242.211.12,Luxembourg,,,LOC1 S3
94.242.211.11,Luxembourg,,,LOC1 S4
91.214.45.127,Luxembourg,,,LOC1 S5
91.214.46.127,Luxembourg,,,LOC1 S6
91.214.44.127,Luxembourg,,,LOC1 S7
178.17.165.66,Moldova,,Chisinau,
217.170.200.120,Norway,,Oslo,LOC1 S1
91.189.177.59,Norway,,Oslo,LOC1 S2
188.116.36.3,Poland,Pomerania,Gdansk,
94.46.3.151,Portugal,,Lisbon,LOC1 S1
94.46.217.66,Portugal,,Lisbon,LOC1 S2
195.254.134.162,Romania,,Bucharest,
188.240.2.233,Romania,,Cluj-Napoca,
91.210.105.189,Russia,,Moscow,
193.243.171.194,Serbia,,Belgrade,
46.229.224.130,Slovakia,,Bratislava,
84.255.215.2,Slovenia,,Vrhnika,
94.46.240.178,Spain,,Madrid,LOC1 S1
94.46.241.66,Spain,,Madrid,LOC1 S2
178.73.198.2,Sweden,Stockholm,Nacka,LOC1 S1
188.126.73.130,Sweden,Stockholm,Nacka,LOC1 S2
46.246.89.2,Sweden,Stockholm,Nacka,LOC1 S3
46.246.123.2,Sweden,Stockholm,Nacka,LOC1 S4
46.246.123.130,Sweden,Stockholm,Nacka,LOC1 S5
46.19.136.130,Switzerland,,Zurich,LOC1 S1
31.7.62.2,Switzerland,,Zurich,LOC1 S2
81.17.31.194,Switzerland,,Zurich,LOC1 S3
185.12.47.2,Switzerland,,Zurich,LOC1 S4
185.12.47.130,Switzerland,,Zurich,LOC1 S5
94.103.41.2,Turkey,,Ankara,
176.53.24.50,Turkey,,Istanbul,
91.229.76.35,Ukraine,,Kyiv,
213.155.6.88,Ukraine,,Odessa,
103.246.114.68,Hong Kong,,Shatin,
49.50.122.121,India,Uttar Pradesh,Noida,
119.235.251.194,Indonesia,,Jakarta,
81.218.236.162,Israel,,Rishon LeZion,
82.212.85.132,Jordan,,Amman,
103.9.151.4,Malaysia,Johor,Johor Bahru,LOC1 S2
103.9.151.68,Malaysia,Johor,Johor Bahru,LOC1 S3
103.9.151.132,Malaysia,Johor,Johor Bahru,LOC1 S4
115.85.18.167,Philippines,,Manila,
180.92.187.82,Republic of Singapore,,Singapore,LOC1 S1
180.92.187.83,Republic of Singapore,,Singapore,LOC1 S2
199.38.234.2,Japan,,Tokyo,LOC1 S1
199.38.234.130,Japan,,Tokyo,LOC1 S2
202.60.90.78,Australia,Queensland,Brisbane,LOC1 S1
202.60.90.9,Australia,Queensland,Brisbane,LOC1 S2
103.12.9.1,Australia,Victoria,Melbourne,LOC1 S1
103.12.9.2,Australia,Victoria,Melbourne,LOC1 S2
190.211.254.130,Panama,,Panama City,
200.55.243.196,Argentina,,Buenos Aires,
186.227.192.21,Brasil,,Joao Pessoa,
190.14.48.64,Chile,,Santiago,
196.46.189.18,Egypt,,Cairo,LOC1 S1
196.46.189.82,Egypt,,Cairo,LOC1 S2
196.46.189.83,Egypt,,Cairo,LOC1 S3
196.46.189.84,Egypt,,Cairo,LOC1 S4
196.46.189.85,Egypt,,Cairo,LOC1 S5
41.137.80.225,Morocco,,Fes,
